{
  "ok": true,
  "run_id": 10,
  "seed": 787,
  "seconds": 204.9094955921173,
  "episodes_completed": 500,
  "stopped_early": false,
  "stop_reason": "",
  "rollout_length": 2,
  "lambda_entropy": 0.05,
  "eta": 0.2,
  "lr_value": 0.003,
  "lr_rho": 0.003,
  "lr_policy": 0.003,
  "fisher_damping": 0.001,
  "batch_size": 1024,
  "epsilon": 0.2,
  "eval_return_mean": -0.21271931903092947,
  "eval_return_std": 0.2114924073057086,
  "eval_return_median": -0.13906557999999997,
  "eval_return_min": -1.0000000000000004,
  "eval_return_max": -0.04340619999999995,
  "eval_length_mean": 9.593333333333334,
  "eval_done_rate": 1.0,
  "eval_success_rate": 0.96,
  "score": -0.2656178861862601,
  "mean_best_prob": 0.5655285217936072,
  "min_best_prob": 0.25,
  "mean_entropy": 0.9355344456514821,
  "best_actions": "[1, 3, 3, 1, 1, 1, 0, 0, 3, 1, 1, 1, 0, 3, 1, 3, 1, 1, 0, 1, 3, 3, 3, 3, 0]",
  "best_probs": "[0.29336494629494975, 0.30020397304680607, 0.43913628015132483, 0.4297939068206925, 0.6226848675929884, 0.4051694100282279, 0.25, 0.25, 0.4615309149168342, 0.845771684285811, 0.3649696910438898, 0.5170649049031929, 0.25, 0.9722203732040474, 0.8907495885201177, 0.39469511145822417, 0.4902146143702361, 0.9777968397101108, 0.25, 0.9914685839239381, 0.6869701646544452, 0.8423598082382624, 0.9628944086167187, 0.9991529730593638, 0.25]",
  "last_objective": 0.012124938405023556,
  "last_primal_mse": 0.014068609137764757,
  "last_dual_mse": 0.009718353663706006,
  "last_theta_grad_norm": 0.010509742987033215,
  "last_beta_grad_norm": 0.008857237337632298,
  "last_policy_grad_norm": 0.00907333317164337,
  "tail_objective_mean": 0.012109162370161897,
  "tail_objective_std": 1.7666643857004858e-05,
  "tail_primal_mse_mean": 0.014061576413794484,
  "tail_primal_mse_std": 2.0652477449288772e-05,
  "tail_dual_mse_mean": 0.009762070218162921,
  "tail_dual_mse_std": 3.575531244628037e-05,
  "tail_policy_grad_mean": 0.007843956711833154,
  "tail_policy_grad_std": 0.0008699825848828955,
  "tail_theta_grad_mean": 0.00810087065000679,
  "tail_theta_grad_std": 0.0016765503054614053,
  "eval_history": "[{\"eval_return_mean\": -0.24457302011114854, \"eval_return_std\": 0.24396757277904713, \"eval_return_median\": -0.13906557999999997, \"eval_return_min\": -1.0000000000000004, \"eval_return_max\": -0.04340619999999995, \"eval_length_mean\": 10.2, \"eval_done_rate\": 1.0, \"eval_success_rate\": 0.9375, \"episode\": 100}, {\"eval_return_mean\": -0.24922585292014204, \"eval_return_std\": 0.24572252278860696, \"eval_return_median\": -0.22515902200000004, \"eval_return_min\": -1.0000000000000004, \"eval_return_max\": -0.04340619999999995, \"eval_length_mean\": 9.925, \"eval_done_rate\": 1.0, \"eval_success_rate\": 0.9375, \"episode\": 200}, {\"eval_return_mean\": -0.26706971146744957, \"eval_return_std\": 0.24943083936284724, \"eval_return_median\": -0.22515902200000004, \"eval_return_min\": -1.0000000000000004, \"eval_return_max\": -0.04340619999999995, \"eval_length_mean\": 10.1625, \"eval_done_rate\": 1.0, \"eval_success_rate\": 0.9375, \"episode\": 300}, {\"eval_return_mean\": -0.20431165740149754, \"eval_return_std\": 0.2353939090648738, \"eval_return_median\": -0.13906557999999997, \"eval_return_min\": -1.0000000000000002, \"eval_return_max\": -0.04340619999999995, \"eval_length_mean\": 9.4, \"eval_done_rate\": 1.0, \"eval_success_rate\": 0.95, \"episode\": 400}, {\"eval_return_mean\": -0.21934917095948628, \"eval_return_std\": 0.24340809669952845, \"eval_return_median\": -0.13906557999999997, \"eval_return_min\": -1.0000000000000004, \"eval_return_max\": -0.04340619999999995, \"eval_length_mean\": 9.5375, \"eval_done_rate\": 1.0, \"eval_success_rate\": 0.9375, \"episode\": 500}]"
}