{
  "ok": true,
  "run_id": 25,
  "seed": 802,
  "seconds": 357.472204208374,
  "episodes_completed": 1500,
  "stopped_early": false,
  "stop_reason": "",
  "lambda_entropy": 0.01,
  "eta": 0.03,
  "rollout_length": 1,
  "lr_value": 0.001,
  "lr_rho": 0.001,
  "lr_policy": 0.003,
  "batch_size": 512,
  "fisher_damping": 0.001,
  "epsilon": 0.3,
  "eval_return_mean": -0.21718900359012736,
  "eval_return_std": 0.2170074415332652,
  "eval_return_median": -0.13906557999999997,
  "eval_return_min": -1.0000000000000004,
  "eval_return_max": -0.04340619999999995,
  "eval_length_mean": 9.576666666666666,
  "eval_done_rate": 1.0,
  "eval_success_rate": 0.9533333333333334,
  "score": -0.27159230003577095,
  "mean_best_prob": 0.9360077930246059,
  "min_best_prob": 0.5157664948087368,
  "mean_entropy": 0.1291265347906842,
  "best_actions": "[1, 3, 3, 1, 1, 1, 3, 3, 3, 1, 1, 1, 1, 1, 1, 3, 1, 1, 1, 1, 3, 3, 3, 3, 1]",
  "best_probs": "[0.5157664948087368, 0.9907307275208695, 0.9838208720867444, 0.6591719895103734, 0.993185149089702, 0.9962113954391668, 0.9896871742883339, 0.9999987056061296, 0.9999996445496853, 0.9015723834779988, 0.991987913557277, 0.9999912644017986, 0.9792345780440491, 0.9985706913373118, 0.9999999999999936, 0.5212916453330753, 0.9999999748362987, 0.9999794438768421, 0.9999986199872204, 1.0, 0.9274555264793748, 0.9517339815732178, 0.999999999984253, 0.9999999999997884, 0.9998066498269075]",
  "last_objective": 0.030432737917590047,
  "last_primal_mse": 0.0310669671598126,
  "last_dual_mse": 0.021140974740751852,
  "last_theta_grad_norm": 0.008872981887828157,
  "last_beta_grad_norm": 0.004362227700973036,
  "last_policy_grad_norm": 0.02417046283370413,
  "tail_objective_mean": 0.03055394091316063,
  "tail_objective_std": 9.818946077419052e-05,
  "tail_primal_mse_mean": 0.03118570643757222,
  "tail_primal_mse_std": 9.65477240977181e-05,
  "tail_dual_mse_mean": 0.02105885081371944,
  "tail_dual_mse_std": 6.789109781576375e-05,
  "tail_policy_grad_mean": 0.01715019986417795,
  "tail_policy_grad_std": 0.006559392643234053,
  "tail_theta_grad_mean": 0.015386613024369824,
  "tail_theta_grad_std": 0.00858421358949524,
  "eval_history": "[{\"eval_return_mean\": -0.9837793206935583, \"eval_return_std\": 0.0896943607596859, \"eval_return_median\": -0.9999734386011132, \"eval_return_min\": -1.0000000000000007, \"eval_return_max\": -0.22515902200000004, \"eval_length_mean\": 91.6, \"eval_done_rate\": 0.175, \"eval_success_rate\": 0.1625, \"episode\": 100}, {\"eval_return_mean\": -0.9830394331475428, \"eval_return_std\": 0.07896947099563474, \"eval_return_median\": -0.9999734386011132, \"eval_return_min\": -0.9999734386011132, \"eval_return_max\": -0.37237880782, \"eval_length_mean\": 91.2375, \"eval_done_rate\": 0.2, \"eval_success_rate\": 0.2, \"episode\": 200}, {\"eval_return_mean\": -0.3039440698046478, \"eval_return_std\": 0.2763286143241393, \"eval_return_median\": -0.22515902200000004, \"eval_return_min\": -1.0000000000000004, \"eval_return_max\": -0.04340619999999995, \"eval_length_mean\": 10.7, \"eval_done_rate\": 1.0, \"eval_success_rate\": 0.925, \"episode\": 300}, {\"eval_return_mean\": -0.23829465872876215, \"eval_return_std\": 0.1939622520264106, \"eval_return_median\": -0.22515902200000004, \"eval_return_min\": -0.8227412376069502, \"eval_return_max\": -0.04340619999999995, \"eval_length_mean\": 10.5875, \"eval_done_rate\": 1.0, \"eval_success_rate\": 1.0, \"episode\": 400}, {\"eval_return_mean\": -0.3107024059657061, \"eval_return_std\": 0.28136796895776167, \"eval_return_median\": -0.22515902200000004, \"eval_return_min\": -1.0000000000000004, \"eval_return_max\": -0.04340619999999995, \"eval_length_mean\": 10.6, \"eval_done_rate\": 1.0, \"eval_success_rate\": 0.9125, \"episode\": 500}, {\"eval_return_mean\": -0.2594521139623369, \"eval_return_std\": 0.2346266764520306, \"eval_return_median\": -0.22515902200000004, \"eval_return_min\": -1.0000000000000004, \"eval_return_max\": -0.04340619999999995, \"eval_length_mean\": 10.2, \"eval_done_rate\": 1.0, \"eval_success_rate\": 0.95, \"episode\": 600}, {\"eval_return_mean\": -0.2611323603732048, \"eval_return_std\": 0.283844920227268, \"eval_return_median\": -0.22515902200000004, \"eval_return_min\": -1.0000000000000004, \"eval_return_max\": -0.04340619999999995, \"eval_length_mean\": 9.7, \"eval_done_rate\": 1.0, \"eval_success_rate\": 0.9, \"episode\": 700}, {\"eval_return_mean\": -0.22302393919535107, \"eval_return_std\": 0.1946169738376443, \"eval_return_median\": -0.22515902200000004, \"eval_return_min\": -1.0000000000000004, \"eval_return_max\": -0.04340619999999995, \"eval_length_mean\": 9.9, \"eval_done_rate\": 1.0, \"eval_success_rate\": 0.975, \"episode\": 800}, {\"eval_return_mean\": -0.2558255580972661, \"eval_return_std\": 0.2575255257010547, \"eval_return_median\": -0.22515902200000004, \"eval_return_min\": -1.0000000000000004, \"eval_return_max\": -0.04340619999999995, \"eval_length_mean\": 9.9375, \"eval_done_rate\": 1.0, \"eval_success_rate\": 0.925, \"episode\": 900}, {\"eval_return_mean\": -0.2778087621629147, \"eval_return_std\": 0.28613659170917155, \"eval_return_median\": -0.22515902200000004, \"eval_return_min\": -1.0000000000000004, \"eval_return_max\": -0.04340619999999995, \"eval_length_mean\": 9.8625, \"eval_done_rate\": 1.0, \"eval_success_rate\": 0.9, \"episode\": 1000}, {\"eval_return_mean\": -0.2445952278358207, \"eval_return_std\": 0.2523462498298656, \"eval_return_median\": -0.182112301, \"eval_return_min\": -1.0000000000000004, \"eval_return_max\": -0.04340619999999995, \"eval_length_mean\": 9.8375, \"eval_done_rate\": 1.0, \"eval_success_rate\": 0.9375, \"episode\": 1100}, {\"eval_return_mean\": -0.24656564577135928, \"eval_return_std\": 0.23743665369766714, \"eval_return_median\": -0.22515902200000004, \"eval_return_min\": -1.0000000000000004, \"eval_return_max\": -0.04340619999999995, \"eval_length_mean\": 9.7875, \"eval_done_rate\": 1.0, \"eval_success_rate\": 0.9375, \"episode\": 1200}, {\"eval_return_mean\": -0.27777623414733965, \"eval_return_std\": 0.29831672056558844, \"eval_return_median\": -0.22515902200000004, \"eval_return_min\": -1.0000000000000004, \"eval_return_max\": -0.04340619999999995, \"eval_length_mean\": 9.6875, \"eval_done_rate\": 1.0, \"eval_success_rate\": 0.8875, \"episode\": 1300}, {\"eval_return_mean\": -0.24727153201256016, \"eval_return_std\": 0.26684489977597503, \"eval_return_median\": -0.13906557999999997, \"eval_return_min\": -1.0000000000000004, \"eval_return_max\": -0.04340619999999995, \"eval_length_mean\": 9.7875, \"eval_done_rate\": 1.0, \"eval_success_rate\": 0.925, \"episode\": 1400}, {\"eval_return_mean\": -0.21991277450308577, \"eval_return_std\": 0.21860390795390258, \"eval_return_median\": -0.13906557999999997, \"eval_return_min\": -1.0000000000000002, \"eval_return_max\": -0.04340619999999995, \"eval_length_mean\": 9.725, \"eval_done_rate\": 1.0, \"eval_success_rate\": 0.9625, \"episode\": 1500}]"
}