{
  "ok": true,
  "run_id": 21,
  "seed": 798,
  "seconds": 382.20609426498413,
  "episodes_completed": 1200,
  "stopped_early": false,
  "stop_reason": "",
  "lambda_entropy": 0.05,
  "eta": 0.0,
  "rollout_length": 2,
  "lr_value": 0.001,
  "lr_rho": 0.001,
  "lr_policy": 0.001,
  "batch_size": 512,
  "fisher_damping": 0.001,
  "epsilon": 0.3,
  "eval_return_mean": -0.04340619999999995,
  "eval_return_std": 0.0,
  "eval_return_median": -0.04340619999999995,
  "eval_return_min": -0.04340619999999995,
  "eval_return_max": -0.04340619999999995,
  "eval_length_mean": 8.0,
  "eval_done_rate": 1.0,
  "eval_success_rate": 1.0,
  "score": -0.04346878212901436,
  "mean_best_prob": 0.5309996136810691,
  "min_best_prob": 0.2584158546027941,
  "mean_entropy": 1.0035805703076608,
  "best_actions": "[1, 3, 1, 2, 3, 1, 3, 3, 0, 0, 1, 1, 0, 0, 0, 3, 1, 1, 1, 3, 3, 3, 3, 3, 3]",
  "best_probs": "[0.274394087623063, 0.2669650732786133, 0.2584158546027941, 0.29055678346085917, 0.28028697400379804, 0.3011078023671807, 0.7537330675531903, 0.6921745645239085, 0.35475424399618355, 0.30878176700136367, 0.34139963277912533, 0.3740347387247288, 0.42765422964192046, 0.5826809981056114, 0.43965969746429795, 0.34121721940094923, 0.7057882816046697, 0.7056566995504698, 0.41384756103539444, 0.9576528128897882, 0.5336755520977284, 0.8190712747018375, 0.9206932536034916, 0.9551096425076694, 0.9756785295080925]",
  "last_objective": 0.007372346980190785,
  "last_primal_mse": 0.007372346980190785,
  "last_dual_mse": 0.0021278069803791445,
  "last_theta_grad_norm": 0.0042903062327346465,
  "last_beta_grad_norm": 0.0025802137584084155,
  "last_policy_grad_norm": 0.014526855825724598,
  "tail_objective_mean": 0.007312697999714629,
  "tail_objective_std": 4.959212966851044e-05,
  "tail_primal_mse_mean": 0.007312697999714629,
  "tail_primal_mse_std": 4.959212966851044e-05,
  "tail_dual_mse_mean": 0.0021139313053442892,
  "tail_dual_mse_std": 7.279000733330351e-06,
  "tail_policy_grad_mean": 0.016726240907463344,
  "tail_policy_grad_std": 0.0036121454641811503,
  "tail_theta_grad_mean": 0.0056051597306346415,
  "tail_theta_grad_std": 0.0026460674372599103,
  "eval_history": "[{\"eval_return_mean\": -0.9999734386011132, \"eval_return_std\": 0.0, \"eval_return_median\": -0.9999734386011132, \"eval_return_min\": -0.9999734386011132, \"eval_return_max\": -0.9999734386011132, \"eval_length_mean\": 100.0, \"eval_done_rate\": 0.0, \"eval_success_rate\": 0.0, \"episode\": 100}, {\"eval_return_mean\": -0.9999734386011132, \"eval_return_std\": 0.0, \"eval_return_median\": -0.9999734386011132, \"eval_return_min\": -0.9999734386011132, \"eval_return_max\": -0.9999734386011132, \"eval_length_mean\": 100.0, \"eval_done_rate\": 0.0, \"eval_success_rate\": 0.0, \"episode\": 200}, {\"eval_return_mean\": -0.9999734386011132, \"eval_return_std\": 0.0, \"eval_return_median\": -0.9999734386011132, \"eval_return_min\": -0.9999734386011132, \"eval_return_max\": -0.9999734386011132, \"eval_length_mean\": 100.0, \"eval_done_rate\": 0.0, \"eval_success_rate\": 0.0, \"episode\": 300}, {\"eval_return_mean\": -0.9999734386011132, \"eval_return_std\": 0.0, \"eval_return_median\": -0.9999734386011132, \"eval_return_min\": -0.9999734386011132, \"eval_return_max\": -0.9999734386011132, \"eval_length_mean\": 100.0, \"eval_done_rate\": 0.0, \"eval_success_rate\": 0.0, \"episode\": 400}, {\"eval_return_mean\": -0.9999734386011132, \"eval_return_std\": 0.0, \"eval_return_median\": -0.9999734386011132, \"eval_return_min\": -0.9999734386011132, \"eval_return_max\": -0.9999734386011132, \"eval_length_mean\": 100.0, \"eval_done_rate\": 0.0, \"eval_success_rate\": 0.0, \"episode\": 500}, {\"eval_return_mean\": -0.04340619999999995, \"eval_return_std\": 0.0, \"eval_return_median\": -0.04340619999999995, \"eval_return_min\": -0.04340619999999995, \"eval_return_max\": -0.04340619999999995, \"eval_length_mean\": 8.0, \"eval_done_rate\": 1.0, \"eval_success_rate\": 1.0, \"episode\": 600}, {\"eval_return_mean\": -0.04340619999999995, \"eval_return_std\": 0.0, \"eval_return_median\": -0.04340619999999995, \"eval_return_min\": -0.04340619999999995, \"eval_return_max\": -0.04340619999999995, \"eval_length_mean\": 8.0, \"eval_done_rate\": 1.0, \"eval_success_rate\": 1.0, \"episode\": 700}, {\"eval_return_mean\": -0.04340619999999995, \"eval_return_std\": 0.0, \"eval_return_median\": -0.04340619999999995, \"eval_return_min\": -0.04340619999999995, \"eval_return_max\": -0.04340619999999995, \"eval_length_mean\": 8.0, \"eval_done_rate\": 1.0, \"eval_success_rate\": 1.0, \"episode\": 800}, {\"eval_return_mean\": -0.04340619999999995, \"eval_return_std\": 0.0, \"eval_return_median\": -0.04340619999999995, \"eval_return_min\": -0.04340619999999995, \"eval_return_max\": -0.04340619999999995, \"eval_length_mean\": 8.0, \"eval_done_rate\": 1.0, \"eval_success_rate\": 1.0, \"episode\": 900}, {\"eval_return_mean\": -0.04340619999999995, \"eval_return_std\": 0.0, \"eval_return_median\": -0.04340619999999995, \"eval_return_min\": -0.04340619999999995, \"eval_return_max\": -0.04340619999999995, \"eval_length_mean\": 8.0, \"eval_done_rate\": 1.0, \"eval_success_rate\": 1.0, \"episode\": 1000}, {\"eval_return_mean\": -0.04340619999999995, \"eval_return_std\": 0.0, \"eval_return_median\": -0.04340619999999995, \"eval_return_min\": -0.04340619999999995, \"eval_return_max\": -0.04340619999999995, \"eval_length_mean\": 8.0, \"eval_done_rate\": 1.0, \"eval_success_rate\": 1.0, \"episode\": 1100}, {\"eval_return_mean\": -0.04340619999999995, \"eval_return_std\": 0.0, \"eval_return_median\": -0.04340619999999995, \"eval_return_min\": -0.04340619999999995, \"eval_return_max\": -0.04340619999999995, \"eval_length_mean\": 8.0, \"eval_done_rate\": 1.0, \"eval_success_rate\": 1.0, \"episode\": 1200}]"
}